time,joint,target,position,velocity,error,control
2026-10-07T00:00:13,arm_right_shoulder_pitch_joint,0.25,1.2985544765553917e-05,0.0064927723827769585,None,0.25
2026-10-07T00:00:13,arm_right_shoulder_pitch_joint,0.25,3.822004216832568e-05,0.012617248701385881,None,0.25
2026-10-07T00:00:13,arm_right_shoulder_pitch_joint,0.25,7.559102801574129e-05,0.018685492923707803,None,0.25
2026-10-07T00:00:13,arm_right_shoulder_pitch_joint,0.25,0.0001250053530697218,0.024707162526990255,None,0.25
2026-10-07T00:00:13,arm_right_shoulder_pitch_joint,0.25,0.00018638585815890555,0.030690252544591873,None,0.25
2026-10-07T00:00:13,arm_right_shoulder_pitch_joint,0.25,0.0002596686268331391,0.03664138433711678,None,0.25
2026-10-07T00:00:13,arm_right_shoulder_pitch_joint,0.25,0.0003448007146174677,0.042566043892164306,None,0.25
2026-10-07T00:00:13,arm_right_shoulder_pitch_joint,0.25,0.0004417382716183371,0.0484687785004347,None,0.25
2026-10-07T00:00:13,arm_right_shoulder_pitch_joint,0.25,0.0005504449749380738,0.05435335165986836,None,0.25
2026-10-07T00:00:13,arm_right_shoulder_pitch_joint,0.25,0.0006708907553618447,0.060222890211885455,None,0.25
2026-10-07T00:00:13,arm_right_shoulder_pitch_joint,0.25,0.0008030507459296856,0.06607999528392043,None,0.25
2026-10-07T00:00:13,arm_right_shoulder_pitch_joint,0.25,0.0009469043997843769,0.07192682692734566,None,0.25
2026-10-07T00:00:13,arm_right_shoulder_pitch_joint,0.25,0.001102434759394369,0.07776517980499605,None,0.25
2026-10-07T00:00:13,arm_right_shoulder_pitch_joint,0.25,0.0012696278508908755,0.08359654574825327,None,0.25
2026-10-07T00:00:13,arm_right_shoulder_pitch_joint,0.25,0.0014484721818456105,0.08942216547736749,None,0.25
2026-10-07T00:00:13,arm_right_shoulder_pitch_joint,0.25,0.0016389583245983669,0.09524307137637819,None,0.25
2026-10-07T00:00:13,arm_right_shoulder_pitch_joint,0.25,0.0018410785703631162,0.1010601228823747,None,0.25
2026-10-07T00:00:13,arm_right_shoulder_pitch_joint,0.25,0.0020548266419140922,0.10687403577548796,None,0.25
2026-10-07T00:00:13,arm_right_shoulder_pitch_joint,0.25,0.002280197454775468,0.11268540643068795,None,0.25
2026-10-07T00:00:13,arm_right_shoulder_pitch_joint,0.25,0.00251718691858893,0.118494731906731,None,0.25
2026-10-07T00:00:13,arm_right_shoulder_pitch_joint,0.25,0.002765791771777923,0.12430242659449647,None,0.25
2026-10-07T00:00:13,arm_right_shoulder_pitch_joint,0.25,0.0030260094438193954,0.13010883602073617,None,0.25
2026-10-07T00:00:13,arm_right_shoulder_pitch_joint,0.25,0.0032978379404177967,0.13591424829920062,None,0.25
2026-10-07T00:00:13,arm_right_shoulder_pitch_joint,0.25,0.0035812757476884113,0.1417189036353073,None,0.25
2026-10-07T00:00:13,arm_right_shoulder_pitch_joint,0.25,0.0038763217521279383,0.1475230022197636,None,0.25
2026-10-07T00:00:13,arm_right_shoulder_pitch_joint,0.25,0.004182975173704349,0.15332671078820526,None,0.25
2026-10-07T00:00:13,arm_right_shoulder_pitch_joint,0.25,0.004501235509855902,0.15913016807577668,None,0.25
2026-10-07T00:00:13,arm_right_shoulder_pitch_joint,0.25,0.004831102488567641,0.16493348935586907,None,0.25
2026-10-07T00:00:13,arm_right_shoulder_pitch_joint,0.25,0.005172576029006562,0.1707367702194604,None,0.25
2026-10-07T00:00:13,arm_right_shoulder_pitch_joint,0.25,0.005525656208455469,0.17654008972445362,None,0.25
2026-10-07T00:00:13,arm_right_shoulder_pitch_joint,0.25,0.005890343234499624,0.18234351302207738,None,0.25
2026-10-07T00:00:13,arm_right_shoulder_pitch_joint,0.25,0.006266637421597566,0.18814709354897116,None,0.25
2026-10-07T00:00:13,arm_right_shoulder_pitch_joint,0.25,0.006654539171314251,0.1939508748583425,None,0.25
2026-10-07T00:00:13,arm_right_shoulder_pitch_joint,0.25,0.007054048955616239,0.19975489215099385,None,0.25
2026-10-07T00:00:13,arm_right_shoulder_pitch_joint,0.25,0.007465167302729461,0.20555917355661105,None,0.25
2026-10-07T00:00:13,arm_right_shoulder_pitch_joint,0.25,0.007887894785143661,0.21136374120709997,None,0.25
2026-10-07T00:00:13,arm_right_shoulder_pitch_joint,0.25,0.00832223200941694,0.21716861213663904,None,0.25
2026-10-07T00:00:13,arm_right_shoulder_pitch_joint,0.25,0.00876817960749139,0.2229737990372251,None,0.25
2026-10-07T00:00:13,arm_right_shoulder_pitch_joint,0.25,0.009225738229278616,0.22877931089361322,None,0.25
2026-10-07T00:00:13,arm_right_shoulder_pitch_joint,0.25,0.00969490853631364,0.2345851535175115,None,0.25
2026-10-07T00:00:13,arm_right_shoulder_pitch_joint,0.25,0.01017569119630873,0.24039132999754542,None,0.25
2026-10-07T00:00:13,arm_right_shoulder_pitch_joint,0.25,0.010668086878466194,0.246197841078732,None,0.25
2026-10-07T00:00:13,arm_right_shoulder_pitch_joint,0.25,0.011172096249431999,0.2520046854829024,None,0.25
2026-10-07T00:00:13,arm_right_shoulder_pitch_joint,0.25,0.011687719969791205,0.2578118601796031,None,0.25
2026-10-07T00:00:13,arm_right_shoulder_pitch_joint,0.25,0.012214958691022045,0.26361936061541985,None,0.25
2026-10-07T00:00:13,arm_right_shoulder_pitch_joint,0.25,0.01271089294754668,0.24796712826231718,None,0.25
2026-10-07T00:00:13,arm_right_shoulder_pitch_joint,0.25,0.013178018784317834,0.23356291838557705,None,0.25
2026-10-07T00:00:13,arm_right_shoulder_pitch_joint,0.25,0.01361995034906496,0.2209657823735628,None,0.25
2026-10-07T00:00:13,arm_right_shoulder_pitch_joint,0.25,0.014039631937692134,0.20984079431358696,None,0.25
2026-10-07T00:00:13,arm_right_shoulder_pitch_joint,0.25,0.014439680836718708,0.20002444951328724,None,0.25
2026-10-07T00:00:13,arm_right_shoulder_pitch_joint,0.25,0.014822821449284857,0.1915703062830745,None,0.25
2026-10-07T00:00:13,arm_right_shoulder_pitch_joint,0.25,0.015191562617002474,0.18437058385880856,None,0.25
2026-10-07T00:00:13,arm_right_shoulder_pitch_joint,0.25,0.015548197299773612,0.17831734138556937,None,0.25
2026-10-07T00:00:13,arm_right_shoulder_pitch_joint,0.25,0.01589481257866915,0.17330763944776864,None,0.25
2026-10-07T00:00:13,arm_right_shoulder_pitch_joint,0.25,0.01623331506113387,0.16925124123236113,None,0.25
2026-10-07T00:00:13,arm_right_shoulder_pitch_joint,0.25,0.016565436863943486,0.16606090140480773,None,0.25
2026-10-07T00:00:13,arm_right_shoulder_pitch_joint,0.25,0.016892726223772955,0.16364467991473564,None,0.25
2026-10-07T00:00:13,arm_right_shoulder_pitch_joint,0.25,0.017216558673863173,0.16191622504510983,None,0.25
2026-10-07T00:00:13,arm_right_shoulder_pitch_joint,0.25,0.0175381484909974,0.16079490856711356,None,0.25
2026-10-07T00:00:13,arm_right_shoulder_pitch_joint,0.25,0.01785856026616196,0.1602058875822808,None,0.25
2026-10-07T00:00:13,arm_right_shoulder_pitch_joint,0.25,0.01817872043857239,0.1600800862052149,None,0.25
2026-10-07T00:00:13,arm_right_shoulder_pitch_joint,0.25,0.018499515747164092,0.16039765429585148,None,0.25
2026-10-07T00:00:13,arm_right_shoulder_pitch_joint,0.25,0.018821751790240062,0.1611180215379849,None,0.25
2026-10-07T00:00:13,arm_right_shoulder_pitch_joint,0.25,0.019146048497086444,0.1621483534231903,None,0.25
2026-10-07T00:00:13,arm_right_shoulder_pitch_joint,0.25,0.01947288330850825,0.16341740571090346,None,0.25
2026-10-07T00:00:13,arm_right_shoulder_pitch_joint,0.25,0.01980266457047395,0.16489063098285017,None,0.25
2026-10-07T00:00:13,arm_right_shoulder_pitch_joint,0.25,0.0201357366290552,0.1665360292906259,None,0.25
2026-10-07T00:00:13,arm_right_shoulder_pitch_joint,0.25,0.020472384880402268,0.16832412567353364,None,0.25
2026-10-07T00:00:13,arm_right_shoulder_pitch_joint,0.25,0.020812857268795608,0.1702361941966691,None,0.25
2026-10-07T00:00:13,arm_right_shoulder_pitch_joint,0.25,0.021157370302010058,0.17225651660722416,None,0.25
2026-10-07T00:00:13,arm_right_shoulder_pitch_joint,0.25,0.021506100807118123,0.17436525255403204,None,0.25
2026-10-07T00:00:13,arm_right_shoulder_pitch_joint,0.25,0.021859182601686355,0.1765408972841157,None,0.25
2026-10-07T00:00:13,arm_right_shoulder_pitch_joint,0.25,0.022216701834668447,0.17875961649104663,None,0.25
2026-10-07T00:00:13,arm_right_shoulder_pitch_joint,0.25,0.022578703203783267,0.18100068455740934,None,0.25
2026-10-07T00:00:13,arm_right_shoulder_pitch_joint,0.25,0.02294519545726289,0.1832461267398104,None,0.25
2026-10-07T00:00:13,arm_right_shoulder_pitch_joint,0.25,0.023316156257465522,0.18548040010131595,None,0.25
2026-10-07T00:00:13,arm_right_shoulder_pitch_joint,0.25,0.023691536475754425,0.18769010914445106,None,0.25
2026-10-07T00:00:13,arm_right_shoulder_pitch_joint,0.25,0.024071263980791496,0.189863752518535,None,0.25
2026-10-07T00:00:13,arm_right_shoulder_pitch_joint,0.25,0.024455231047218445,0.19198353321347408,None,0.25
2026-10-07T00:00:13,arm_right_shoulder_pitch_joint,0.25,0.02484329447496,0.19403171387077822,None,0.25
2026-10-07T00:00:13,arm_right_shoulder_pitch_joint,0.25,0.02523529878774329,0.19600215639164495,None,0.25
2026-10-07T00:00:13,arm_right_shoulder_pitch_joint,0.25,0.025631078545876353,0.19788987906653127,None,0.25
2026-10-07T00:00:13,arm_right_shoulder_pitch_joint,0.25,0.026030460323167668,0.19969088864565734,None,0.25
2026-10-07T00:00:13,arm_right_shoulder_pitch_joint,0.25,0.02643326439164918,0.20140203424075545,None,0.25
2026-10-07T00:00:13,arm_right_shoulder_pitch_joint,0.25,0.026839306152444946,0.20302088039788327,None,0.25
2026-10-07T00:00:13,arm_right_shoulder_pitch_joint,0.25,0.027248397346414203,0.20454559698462865,None,0.25
2026-10-07T00:00:13,arm_right_shoulder_pitch_joint,0.25,0.027660347074027758,0.20597486380677638,None,0.25
2026-10-07T00:00:13,arm_right_shoulder_pitch_joint,0.25,0.028074962650252736,0.20730778811248887,None,0.25
2026-10-07T00:00:13,arm_right_shoulder_pitch_joint,0.25,0.028492050316970368,0.20854383335881582,None,0.25
2026-10-07T00:00:13,arm_right_shoulder_pitch_joint,0.25,0.028911416362152793,0.20968302259121285,None,0.25
2026-10-07T00:00:13,arm_right_shoulder_pitch_joint,0.25,0.029332868920171947,0.2107262790095767,None,0.25
2026-10-07T00:00:13,arm_right_shoulder_pitch_joint,0.25,0.02975621807881373,0.21167457932089126,None,0.25
2026-10-07T00:00:13,arm_right_shoulder_pitch_joint,0.25,0.030181276377185654,0.21252914918596094,None,0.25
2026-10-07T00:00:13,arm_right_shoulder_pitch_joint,0.25,0.030607861873635726,0.21329274822503613,None,0.25
2026-10-07T00:00:13,arm_right_shoulder_pitch_joint,0.25,0.031035799014140983,0.2139685702526289,None,0.25
2026-10-07T00:00:13,arm_right_shoulder_pitch_joint,0.25,0.03146491606577266,0.21455852581583948,None,0.25
2026-10-07T00:00:13,arm_right_shoulder_pitch_joint,0.25,0.031895043119645694,0.21506352693651504,None,0.25
2026-10-07T00:00:13,arm_right_shoulder_pitch_joint,0.25,0.03232601063808522,0.2154837592197613,None,0.25
2026-10-07T00:00:13,arm_right_shoulder_pitch_joint,0.25,0.032757648435405046,0.2158188986599123,None,0.25
2026-10-07T00:00:13,arm_right_shoulder_pitch_joint,0.25,0.033189785002841726,0.2160682837183397,None,0.25
2026-10-07T00:00:13,arm_right_shoulder_pitch_joint,0.25,0.033622247104980914,0.21623105106959206,None,0.25
2026-10-07T00:00:13,arm_right_shoulder_pitch_joint,0.25,0.034054859588373135,0.2163062416961106,None,0.25
2026-10-07T00:00:13,arm_right_shoulder_pitch_joint,0.25,0.03448744528458942,0.21629284810814095,None,0.25
2026-10-07T00:00:13,arm_right_shoulder_pitch_joint,0.25,0.03491982495921129,0.21618983731093291,None,0.25
2026-10-07T00:00:13,arm_right_shoulder_pitch_joint,0.25,0.0353518175712973,0.2159963060430063,None,0.25
2026-10-07T00:00:13,arm_right_shoulder_pitch_joint,0.25,0.03578324045547661,0.21571144208965395,None,0.25
2026-10-07T00:00:13,arm_right_shoulder_pitch_joint,0.25,0.03621390973792608,0.2153346412247341,None,0.25
2026-10-07T00:00:13,arm_right_shoulder_pitch_joint,0.25,0.036643640755469595,0.21486550877175897,None,0.25
2026-10-07T00:00:13,arm_right_shoulder_pitch_joint,0.25,0.03707224844088482,0.21430384270761005,None,0.25
2026-10-07T00:00:13,arm_right_shoulder_pitch_joint,0.25,0.03749954767159859,0.21364961535688565,None,0.25
2026-10-07T00:00:13,arm_right_shoulder_pitch_joint,0.25,0.03792535357964189,0.2129029540216522,None,0.25
2026-10-07T00:00:13,arm_right_shoulder_pitch_joint,0.25,0.03834948182141637,0.2120641208872374,None,0.25
2026-10-07T00:00:13,arm_right_shoulder_pitch_joint,0.25,0.03877174880651079,0.21113349254720928,None,0.25
2026-10-07T00:00:13,arm_right_shoulder_pitch_joint,0.25,0.039191971885492324,0.2101115394907677,None,0.25
2026-10-07T00:00:13,arm_right_shoulder_pitch_joint,0.25,0.039609969496302896,0.20899880540528729,None,0.25
2026-10-07T00:00:13,arm_right_shoulder_pitch_joint,0.25,0.04002556121426741,0.20779585898225655,None,0.25
2026-10-07T00:00:13,arm_right_shoulder_pitch_joint,0.25,0.04043856784399628,0.20650331486443313,None,0.25
2026-10-07T00:00:13,arm_right_shoulder_pitch_joint,0.25,0.0408488115133468,0.2051218346752626,None,0.25
2026-10-07T00:00:13,arm_right_shoulder_pitch_joint,0.25,0.04125611568710106,0.2036520868771289,None,0.25
2026-10-07T00:00:13,arm_right_shoulder_pitch_joint,0.25,0.041660305142131836,0.2020947275153865,None,0.25
2026-10-07T00:00:13,arm_right_shoulder_pitch_joint,0.25,0.042061205912050766,0.20045038495946416,None,0.25
2026-10-07T00:00:13,arm_right_shoulder_pitch_joint,0.25,0.042458645206676436,0.19871964731283387,None,0.25
2026-10-07T00:00:13,arm_right_shoulder_pitch_joint,0.25,0.042852451311086656,0.19690305220511126,None,0.25
2026-10-07T00:00:13,arm_right_shoulder_pitch_joint,0.25,0.04324245346848884,0.1950010787010923,None,0.25
2026-10-07T00:00:13,arm_right_shoulder_pitch_joint,0.25,0.04362848175064985,0.19301414108050766,None,0.25
2026-10-07T00:00:13,arm_right_shoulder_pitch_joint,0.25,0.044010366919168764,0.19094258425945607,None,0.25
2026-10-07T00:00:13,arm_right_shoulder_pitch_joint,0.25,0.04438794028045012,0.18878668064067805,None,0.25
2026-10-07T00:00:13,arm_right_shoulder_pitch_joint,0.25,0.04476103275149743,0.18654623552365582,None,0.25
2026-10-07T00:00:13,arm_right_shoulder_pitch_joint,0.25,0.0451294700974389,0.1842186729707334,None,0.25
2026-10-07T00:00:13,arm_right_shoulder_pitch_joint,0.25,0.04549307613404931,0.18180301830520096,None,0.25
2026-10-07T00:00:13,arm_right_shoulder_pitch_joint,0.25,0.04585167285769776,0.17929836182422795,None,0.25
2026-10-07T00:00:13,arm_right_shoulder_pitch_joint,0.25,0.04620508053273076,0.17670383751649815,None,0.25
2026-10-07T00:00:13,arm_right_shoulder_pitch_joint,0.25,0.046553117744043505,0.17401860565637395,None,0.25
2026-10-07T00:00:13,arm_right_shoulder_pitch_joint,0.25,0.04689560141965736,0.1712418378069261,None,0.25
2026-10-07T00:00:13,arm_right_shoulder_pitch_joint,0.25,0.04726546569149223,0.18493213591743496,None,0.25
2026-10-07T00:00:13,arm_right_shoulder_pitch_joint,0.25,0.04761773552815968,0.17613491833372305,None,0.25
2026-10-07T00:00:13,arm_right_shoulder_pitch_joint,0.25,0.047954123689984834,0.16819408091257948,None,0.25
2026-10-07T00:00:13,arm_right_shoulder_pitch_joint,0.25,0.048276756269730825,0.16131628987299407,None,0.25
2026-10-07T00:00:13,arm_right_shoulder_pitch_joint,0.25,0.04858729103372737,0.15526738199827403,None,0.25
2026-10-07T00:00:13,arm_right_shoulder_pitch_joint,0.25,0.04888705098643124,0.14987997635193148,None,0.25
2026-10-07T00:00:13,arm_right_shoulder_pitch_joint,0.25,0.04917707505536634,0.14501203446755104,None,0.25
2026-10-07T00:00:13,arm_right_shoulder_pitch_joint,0.25,0.04945816962682088,0.14054728572727354,None,0.25
2026-10-07T00:00:13,arm_right_shoulder_pitch_joint,0.25,0.04973088962315466,0.13635999816688923,None,0.25
2026-10-07T00:00:13,arm_right_shoulder_pitch_joint,0.25,0.04999566127653866,0.13238582669199764,None,0.25
2026-10-07T00:00:13,arm_right_shoulder_pitch_joint,0.25,0.050252785221381754,0.128561972421549,None,0.25
2026-10-07T00:00:13,arm_right_shoulder_pitch_joint,0.25,0.050502456612880484,0.12483569574936618,None,0.25
2026-10-07T00:00:13,arm_right_shoulder_pitch_joint,0.25,0.05074478220556923,0.12116279634437246,None,0.25
2026-10-07T00:00:13,arm_right_shoulder_pitch_joint,0.25,0.0509797068807667,0.11746233759873692,None,0.25
2026-10-07T00:00:13,arm_right_shoulder_pitch_joint,0.25,0.051207063027107765,0.11367807317053114,None,0.25
2026-10-07T00:00:13,arm_right_shoulder_pitch_joint,0.25,0.05142664738703753,0.10979217996488261,None,0.25
2026-10-07T00:00:13,arm_right_shoulder_pitch_joint,0.25,0.051638228512341997,0.1057905626522307,None,0.25
2026-10-07T00:00:13,arm_right_shoulder_pitch_joint,0.25,0.05184155277831088,0.10166213298444135,None,0.25
2026-10-07T00:00:13,arm_right_shoulder_pitch_joint,0.25,0.052036349223273354,0.09739822248123818,None,0.25
2026-10-07T00:00:13,arm_right_shoulder_pitch_joint,0.25,0.05222232347811928,0.09298712742296261,None,0.25
2026-10-07T00:00:13,arm_right_shoulder_pitch_joint,0.25,0.05239915626426145,0.08841639307108325,None,0.25
2026-10-07T00:00:13,arm_right_shoulder_pitch_joint,0.25,0.05256652582824216,0.08368478199035635,None,0.25
2026-10-07T00:00:13,arm_right_shoulder_pitch_joint,0.25,0.05272407302487079,0.07877359831431645,None,0.25
2026-10-07T00:00:13,arm_right_shoulder_pitch_joint,0.25,0.052871447192213906,0.07368708367155816,None,0.25
2026-10-07T00:00:13,arm_right_shoulder_pitch_joint,0.25,0.05300830821116599,0.06843050947604412,None,0.25
2026-10-07T00:00:13,arm_right_shoulder_pitch_joint,0.25,0.05313432432740852,0.06300805812126348,None,0.25
2026-10-07T00:00:13,arm_right_shoulder_pitch_joint,0.25,0.05324917028978364,0.05742298118755873,None,0.25
2026-10-07T00:00:13,arm_right_shoulder_pitch_joint,0.25,0.05335252575683674,0.05167773352654842,None,0.25
2026-10-07T00:00:13,arm_right_shoulder_pitch_joint,0.25,0.0534440739306775,0.045774086920382255,None,0.25
2026-10-07T00:00:13,arm_right_shoulder_pitch_joint,0.25,0.05352350038356434,0.039713226443420305,None,0.25
2026-10-07T00:00:13,arm_right_shoulder_pitch_joint,0.25,0.05359049204790919,0.03349583217242403,None,0.25
2026-10-07T00:00:13,arm_right_shoulder_pitch_joint,0.25,0.05364502108536725,0.027264518729029817,None,0.25
2026-10-07T00:00:13,arm_right_shoulder_pitch_joint,0.25,0.05368910351849947,0.0220412165661092,None,0.25
2026-10-07T00:00:13,arm_right_shoulder_pitch_joint,0.25,0.05372440570841459,0.017651094957561186,None,0.25
2026-10-07T00:00:13,arm_right_shoulder_pitch_joint,0.25,0.0537523079882068,0.013951139896106832,None,0.25
2026-10-07T00:00:13,arm_right_shoulder_pitch_joint,0.25,0.053773955811725,0.010823911759097379,None,0.25
2026-10-07T00:00:13,arm_right_shoulder_pitch_joint,0.25,0.053790300268762664,0.008172228518832352,None,0.25
2026-10-07T00:00:13,arm_right_shoulder_pitch_joint,0.25,0.05380213149700004,0.005915614118687403,None,0.25
2026-10-07T00:00:13,arm_right_shoulder_pitch_joint,0.25,0.05381010625106156,0.003987377030758025,None,0.25
2026-10-07T00:00:13,arm_right_shoulder_pitch_joint,0.25,0.053814770663234764,0.0023322060866019035,None,0.25
2026-10-07T00:00:13,arm_right_shoulder_pitch_joint,0.25,0.053815974671363516,0.0006020040643752033,None,0.25
2026-10-07T00:00:13,arm_right_shoulder_pitch_joint,0.25,0.053813259614159094,-0.001357528602212376,None,0.25
2026-10-07T00:00:13,arm_right_shoulder_pitch_joint,0.25,0.05380617936016299,-0.003540126998049767,None,0.25
2026-10-07T00:00:13,arm_right_shoulder_pitch_joint,0.25,0.053794297346656965,-0.005941006753013145,None,0.25
2026-10-07T00:00:13,arm_right_shoulder_pitch_joint,0.25,0.053777184070967515,-0.008556637844723741,None,0.25
2026-10-07T00:00:13,arm_right_shoulder_pitch_joint,0.25,0.05375441496272745,-0.011384554120032862,None,0.25
2026-10-07T00:00:13,arm_right_shoulder_pitch_joint,0.25,0.053725568576784365,-0.014423192971541047,None,0.25
2026-10-07T00:00:13,arm_right_shoulder_pitch_joint,0.25,0.05369022505597242,-0.017671760405970422,None,0.25
2026-10-07T00:00:13,arm_right_shoulder_pitch_joint,0.25,0.0536479648210734,-0.02113011744950912,None,0.25
2026-10-07T00:00:13,arm_right_shoulder_pitch_joint,0.25,0.05359836745216843,-0.024798684452485648,None,0.25
2026-10-07T00:00:13,arm_right_shoulder_pitch_joint,0.25,0.0535410107313914,-0.0286783603885158,None,0.25
2026-10-07T00:00:13,arm_right_shoulder_pitch_joint,0.25,0.05347546982199325,-0.03277045469907563,None,0.25
2026-10-07T00:00:13,arm_right_shoulder_pitch_joint,0.25,0.053401316064273376,-0.037076878859935006,None,0.25
2026-10-07T00:00:13,arm_right_shoulder_pitch_joint,0.25,0.053318122487156706,-0.041596788558333375,None,0.25
2026-10-07T00:00:13,arm_right_shoulder_pitch_joint,0.25,0.05322545700376633,-0.046332741695187904,None,0.25
2026-10-07T00:00:13,arm_right_shoulder_pitch_joint,0.25,0.053122882057174796,-0.051287473295769305,None,0.25
2026-10-07T00:00:13,arm_right_shoulder_pitch_joint,0.25,0.05300995432224426,-0.056463867465268526,None,0.25
2026-10-07T00:00:13,arm_right_shoulder_pitch_joint,0.25,0.05288622444579665,-0.06186493822380361,None,0.25
2026-10-07T00:00:13,arm_right_shoulder_pitch_joint,0.25,0.05275123682029538,-0.0674938127506345,None,0.25
2026-10-07T00:00:13,arm_right_shoulder_pitch_joint,0.25,0.05260452938710525,-0.07335371659506558,None,0.25
2026-10-07T00:00:13,arm_right_shoulder_pitch_joint,0.25,0.05244563348275625,-0.07944795217449828,None,0.25
2026-10-07T00:00:13,arm_right_shoulder_pitch_joint,0.25,0.052274073757846685,-0.08577986245478375,None,0.25
2026-10-07T00:00:13,arm_right_shoulder_pitch_joint,0.25,0.05208936803215024,-0.09235286284822407,None,0.25
2026-10-07T00:00:13,arm_right_shoulder_pitch_joint,0.25,0.0518910271648344,-0.09917043365791778,None,0.25
2026-10-07T00:00:13,arm_right_shoulder_pitch_joint,0.25,0.05167855494910171,-0.10623610786634666,None,0.25
2026-10-07T00:00:13,arm_right_shoulder_pitch_joint,0.25,0.05145144802943173,-0.11355345983498809,None,0.25
2026-10-07T00:00:13,arm_right_shoulder_pitch_joint,0.25,0.05120919583997318,-0.12112609472927578,None,0.25
2026-10-07T00:00:13,arm_right_shoulder_pitch_joint,0.25,0.05095128056295869,-0.12895763850724629,None,0.25
2026-10-07T00:00:13,arm_right_shoulder_pitch_joint,0.25,0.05067717710629734,-0.13705172833067328,None,0.25
2026-10-07T00:00:13,arm_right_shoulder_pitch_joint,0.25,0.050386353099747296,-0.1454120032750221,None,0.25
2026-10-07T00:00:13,arm_right_shoulder_pitch_joint,0.25,0.05007826890928815,-0.15404209522957257,None,0.25
2026-10-07T00:00:13,arm_right_shoulder_pitch_joint,0.25,0.04975237766950378,-0.16294561989218334,None,0.25
2026-10-07T00:00:13,arm_right_shoulder_pitch_joint,0.25,0.04940812533395507,-0.17212616777435447,None,0.25
2026-10-07T00:00:13,arm_right_shoulder_pitch_joint,0.25,0.04904495074367036,-0.18158729514235653,None,0.25
2026-10-07T00:00:13,arm_right_shoulder_pitch_joint,0.25,0.04866228571401261,-0.19133251482887345,None,0.25
2026-10-07T00:00:13,arm_right_shoulder_pitch_joint,0.25,0.048259555140297575,-0.2013652868575191,None,0.25
2026-10-07T00:00:13,arm_right_shoulder_pitch_joint,0.25,0.047836177122638185,-0.2116890088296951,None,0.25
2026-10-07T00:00:13,arm_right_shoulder_pitch_joint,0.25,0.04739154482639067,-0.2223161481237559,None,0.25
2026-10-07T00:00:13,arm_right_shoulder_pitch_joint,0.25,0.04692505781029479,-0.23324350804794172,None,0.25
2026-10-07T00:00:13,arm_right_shoulder_pitch_joint,0.25,0.04643611135997028,-0.2444732251622553,None,0.25
2026-10-07T00:00:13,arm_right_shoulder_pitch_joint,0.25,0.04592409620470351,-0.2560075776333851,None,0.25
2026-10-07T00:00:13,arm_right_shoulder_pitch_joint,0.25,0.045388398361787395,-0.2678489214580581,None,0.25
2026-10-07T00:00:13,arm_right_shoulder_pitch_joint,0.25,0.044828399088487444,-0.27999963664997707,None,0.25
2026-10-07T00:00:13,arm_right_shoulder_pitch_joint,0.25,0.04424347492563656,-0.2924620814254437,None,0.25
2026-10-07T00:00:13,arm_right_shoulder_pitch_joint,0.25,0.043632997820077166,-0.3052385527796977,None,0.25
2026-10-07T00:00:13,arm_right_shoulder_pitch_joint,0.25,0.04299633531578995,-0.31833125214360597,None,0.25
2026-10-07T00:00:13,arm_right_shoulder_pitch_joint,0.25,0.04233285080567489,-0.3317422550575311,None,0.25
2026-10-07T00:00:13,arm_right_shoulder_pitch_joint,0.25,0.04164190383766644,-0.3454734840042291,None,0.25
2026-10-07T00:00:13,arm_right_shoulder_pitch_joint,0.25,0.040922850470241814,-0.35952668371231133,None,0.25
2026-10-07T00:00:13,arm_right_shoulder_pitch_joint,0.25,0.040175043673476935,-0.37390339838243947,None,0.25
2026-10-07T00:00:13,arm_right_shoulder_pitch_joint,0.25,0.03939783377266734,-0.3886049504047958,None,0.25
2026-10-07T00:00:13,arm_right_shoulder_pitch_joint,0.25,0.038590568932201294,-0.40363242023302315,None,0.25
2026-10-07T00:00:13,arm_right_shoulder_pitch_joint,0.25,0.03775259567788073,-0.41898662716028134,None,0.25
2026-10-07T00:00:13,arm_right_shoulder_pitch_joint,0.25,0.03688325945626046,-0.4346681108101341,None,0.25
2026-10-07T00:00:13,arm_right_shoulder_pitch_joint,0.25,0.035981905229837796,-0.4506771132113343,None,0.25
2026-10-07T00:00:13,arm_right_shoulder_pitch_joint,0.25,0.035047878107091625,-0.4670135613730844,None,0.25
2026-10-07T00:00:13,arm_right_shoulder_pitch_joint,0.25,0.03408052400645632,-0.4836770503176495,None,0.25
2026-10-07T00:00:13,arm_right_shoulder_pitch_joint,0.25,0.033079190353333086,-0.5006668265616164,None,0.25
2026-10-07T00:00:13,arm_right_shoulder_pitch_joint,0.25,0.032043226809199576,-0.5179817720667551,None,0.25
2026-10-07T00:00:13,arm_right_shoulder_pitch_joint,0.25,0.030971986031785487,-0.5356203887070442,None,0.25
2026-10-07T00:00:13,arm_right_shoulder_pitch_joint,0.25,0.029864824465144102,-0.5535807833206932,None,0.25
2026-10-07T00:00:13,arm_right_shoulder_pitch_joint,0.25,0.028721103158273142,-0.5718606534354806,None,0.25
2026-10-07T00:00:13,arm_right_shoulder_pitch_joint,0.25,0.027540188610727902,-0.5904572737726195,None,0.25
2026-10-07T00:00:13,arm_right_shoulder_pitch_joint,0.25,0.02632145364342979,-0.6093674836490556,None,0.25
2026-10-07T00:00:13,arm_right_shoulder_pitch_joint,0.25,0.02506427829454357,-0.6285876744431107,None,0.25
2026-10-07T00:00:13,arm_right_shoulder_pitch_joint,0.25,0.02376805078686129,-0.6481137538411397,None,0.25
2026-10-07T00:00:13,arm_right_shoulder_pitch_joint,0.25,0.022432168465068306,-0.6679411608964922,None,0.25
2026-10-07T00:00:13,arm_right_shoulder_pitch_joint,0.25,0.021056038733589365,-0.6880648657394706,None,0.25
2026-10-07T00:00:13,arm_right_shoulder_pitch_joint,0.25,0.019639080008837167,-0.7084793623760994,None,0.25
2026-10-07T00:00:13,arm_right_shoulder_pitch_joint,0.25,0.01818072268047782,-0.7291786641796738,None,0.25
2026-10-07T00:00:13,arm_right_shoulder_pitch_joint,0.25,0.016680410169723214,-0.7501562553773036,None,0.25
2026-10-07T00:00:13,arm_right_shoulder_pitch_joint,0.25,0.015137600022126252,-0.7714050737984811,None,0.25
2026-10-07T00:00:13,arm_right_shoulder_pitch_joint,0.25,0.013551764860899176,-0.7929175806135377,None,0.25
2026-10-07T00:00:13,arm_right_shoulder_pitch_joint,0.25,0.011922393330471064,-0.8146857652140557,None,0.25
2026-10-07T00:00:13,arm_right_shoulder_pitch_joint,0.25,0.01024899102737306,-0.8367011515490023,None,0.25
2026-10-07T00:00:13,arm_right_shoulder_pitch_joint,0.25,0.008531081412946033,-0.8589548072135134,None,0.25
2026-10-07T00:00:13,arm_right_shoulder_pitch_joint,0.25,0.006768206702127472,-0.8814373554092803,None,0.25
2026-10-07T00:00:13,arm_right_shoulder_pitch_joint,0.25,0.004959928722381379,-0.9041389898730464,None,0.25
2026-10-07T00:00:13,arm_right_shoulder_pitch_joint,0.25,0.0031058297366912194,-0.92704949284508,None,0.25
2026-10-07T00:00:13,arm_right_shoulder_pitch_joint,0.25,0.0012055132244465588,-0.9501582561223303,None,0.25
2026-10-07T00:00:13,arm_right_shoulder_pitch_joint,0.25,-0.0007413953859766182,-0.9734543052115885,None,0.25
2026-10-07T00:00:13,arm_right_shoulder_pitch_joint,0.25,-0.0027352480391098603,-0.996926326566621,None,0.25
2026-10-07T00:00:13,arm_right_shoulder_pitch_joint,0.25,-0.004776373434830283,-1.0205626978602114,None,0.25
2026-10-07T00:00:13,arm_right_shoulder_pitch_joint,0.25,-0.006865076477245527,-1.0443515212076222,None,0.25
2026-10-07T00:00:13,arm_right_shoulder_pitch_joint,0.25,-0.00900163779569136,-1.0682806592229162,None,0.25
2026-10-07T00:00:13,arm_right_shoulder_pitch_joint,0.25,-0.011186313343199215,-1.0923377737539275,None,0.25
2026-10-07T00:00:13,arm_right_shoulder_pitch_joint,0.25,-0.01341933407741225,-1.116510367106517,None,0.25
2026-10-07T00:00:13,arm_right_shoulder_pitch_joint,0.25,-0.015700905728481224,-1.1407858255344867,None,0.25
2026-10-07T00:00:13,arm_right_shoulder_pitch_joint,0.25,-0.01803120865795843,-1.1651514647386025,None,0.25
2026-10-07T00:00:13,arm_right_shoulder_pitch_joint,0.25,-0.020410397812134145,-1.1895945770878575,None,0.25
2026-10-07T00:00:13,arm_right_shoulder_pitch_joint,0.25,-0.022838602772630844,-1.2141024802483493,None,0.25
2026-10-07T00:00:13,arm_right_shoulder_pitch_joint,0.25,-0.025315927906393053,-1.2386625668811035,None,0.25
2026-10-07T00:00:13,arm_right_shoulder_pitch_joint,0.25,-0.027842452616493485,-1.2632623550502153,None,0.25
2026-10-07T00:00:13,arm_right_shoulder_pitch_joint,0.25,-0.03041823169442804,-1.2878895389672778,None,0.25
2026-10-07T00:00:13,arm_right_shoulder_pitch_joint,0.25,-0.03304329577380342,-1.3125320396876896,None,0.25
2026-10-07T00:00:13,arm_right_shoulder_pitch_joint,0.25,-0.03571765188454242,-1.337178055369503,None,0.25
2026-10-07T00:00:13,arm_right_shoulder_pitch_joint,0.25,-0.0384412841059539,-1.3618161107057367,None,0.25
2026-10-07T00:00:13,arm_right_shoulder_pitch_joint,0.25,-0.04121415431624829,-1.3864351051471933,None,0.25
2026-10-07T00:00:13,arm_right_shoulder_pitch_joint,0.25,-0.044036216306554965,-1.4110309951533386,None,0.25
2026-10-07T00:00:13,arm_right_shoulder_pitch_joint,0.25,-0.0469074052063382,-1.4355944498916196,None,0.25
2026-10-07T00:00:13,arm_right_shoulder_pitch_joint,0.25,-0.04982763379012369,-1.4601142918927443,None,0.25
2026-10-07T00:00:13,arm_right_shoulder_pitch_joint,0.25,-0.05279679693875104,-1.4845815743136752,None,0.25
2026-10-07T00:00:13,arm_right_shoulder_pitch_joint,0.25,-0.055814774044135936,-1.5089885526924476,None,0.25
2026-10-07T00:00:13,arm_right_shoulder_pitch_joint,0.25,-0.05888143305583815,-1.5333295058511076,None,0.25
2026-10-07T00:00:13,arm_right_shoulder_pitch_joint,0.25,-0.06199663147884853,-1.557599211505189,None,0.25
2026-10-07T00:00:13,arm_right_shoulder_pitch_joint,0.25,-0.06516021724542757,-1.5817928832895247,None,0.25
2026-10-07T00:00:13,arm_right_shoulder_pitch_joint,0.25,-0.06837202974115857,-1.6059062478654968,None,0.25
2026-10-07T00:00:13,arm_right_shoulder_pitch_joint,0.25,-0.07163190134131679,-1.629935800079111,None,0.25
2026-10-07T00:00:13,arm_right_shoulder_pitch_joint,0.25,-0.07493965941518266,-1.6538790369329341,None,0.25
2026-10-07T00:00:13,arm_right_shoulder_pitch_joint,0.25,-0.07829512828640003,-1.6777344356086858,None,0.25
2026-10-07T00:00:13,arm_right_shoulder_pitch_joint,0.25,-0.08169813038473674,-1.7015010491683529,None,0.25
2026-10-07T00:00:13,arm_right_shoulder_pitch_joint,0.25,-0.08514848750724766,-1.7251785612554575,None,0.25
2026-10-07T00:00:13,arm_right_shoulder_pitch_joint,0.25,-0.08864602217036417,-1.7487673315582604,None,0.25
2026-10-07T00:00:13,arm_right_shoulder_pitch_joint,0.25,-0.09219055903589012,-1.7722684327629714,None,0.25
2026-10-07T00:00:13,arm_right_shoulder_pitch_joint,0.25,-0.09578192639574026,-1.795683679925074,None,0.25
2026-10-07T00:00:13,arm_right_shoulder_pitch_joint,0.25,-0.09941995770195816,-1.819015653108947,None,0.25
2026-10-07T00:00:13,arm_right_shoulder_pitch_joint,0.25,-0.10310449313011251,-1.842267714077174,None,0.25
2026-10-07T00:00:13,arm_right_shoulder_pitch_joint,0.25,-0.10683538116561436,-1.8654440177509286,None,0.25
2026-10-07T00:00:13,arm_right_shoulder_pitch_joint,0.25,-0.11061248020383208,-1.8885495191088597,None,0.25
2026-10-07T00:00:13,arm_right_shoulder_pitch_joint,0.25,-0.11443566015611936,-1.9115899761436412,None,0.25
2026-10-07T00:00:13,arm_right_shoulder_pitch_joint,0.25,-0.1183048040550214,-1.9345719494510205,None,0.25
2026-10-07T00:00:13,arm_right_shoulder_pitch_joint,0.25,-0.1222198079489449,-1.9575019469617432,None,0.25
2026-10-07T00:00:13,arm_right_shoulder_pitch_joint,0.25,-0.12618055578562343,-1.98037391833926,None,0.25
2026-10-07T00:00:13,arm_right_shoulder_pitch_joint,0.25,-0.13018694684051163,-2.0031955274441082,None,0.25
2026-10-07T00:00:13,arm_right_shoulder_pitch_joint,0.25,-0.13423890035787608,-2.025976758682222,None,0.25
2026-10-07T00:00:13,arm_right_shoulder_pitch_joint,0.25,-0.13833635704331615,-2.0487283427200316,None,0.25
2026-10-07T00:00:13,arm_right_shoulder_pitch_joint,0.25,-0.1424792805363763,-2.0714617465300695,None,0.25
2026-10-07T00:00:13,arm_right_shoulder_pitch_joint,0.25,-0.14666765886093355,-2.0941891622786324,None,0.25
2026-10-07T00:00:13,arm_right_shoulder_pitch_joint,0.25,-0.1509015058519053,-2.1169234954858727,None,0.25
2026-10-07T00:00:13,arm_right_shoulder_pitch_joint,0.25,-0.15518086255758648,-2.139678352840595,None,0.25
2026-10-07T00:00:13,arm_right_shoulder_pitch_joint,0.25,-0.15950579861760342,-2.1624680300084633,None,0.25
2026-10-07T00:00:13,arm_right_shoulder_pitch_joint,0.25,-0.1638764136170693,-2.1853074997329487,None,0.25
2026-10-07T00:00:13,arm_right_shoulder_pitch_joint,0.25,-0.168292838418054,-2.2082124004923496,None,0.25
2026-10-07T00:00:13,arm_right_shoulder_pitch_joint,0.25,-0.1727552779956201,-2.2312197887830516,None,0.25
2026-10-07T00:00:13,arm_right_shoulder_pitch_joint,0.25,-0.17726397050872228,-2.2543462565510923,None,0.25
2026-10-07T00:00:13,arm_right_shoulder_pitch_joint,0.25,-0.18181918760194765,-2.277608546612686,None,0.25
2026-10-07T00:00:13,arm_right_shoulder_pitch_joint,0.25,-0.18642123536107727,-2.301023879564806,None,0.25
2026-10-07T00:00:13,arm_right_shoulder_pitch_joint,0.25,-0.19107045527709296,-2.3246099580078394,None,0.25
2026-10-07T00:00:13,arm_right_shoulder_pitch_joint,0.25,-0.19576722522539572,-2.3483849741513785,None,0.25
2026-10-07T00:00:13,arm_right_shoulder_pitch_joint,0.25,-0.20037219595008537,-2.3024853623448216,None,0.25
2026-10-07T00:00:13,arm_right_shoulder_pitch_joint,0.25,-0.20490684711639057,-2.267325583152596,None,0.25
2026-10-07T00:00:13,arm_right_shoulder_pitch_joint,0.25,-0.20938497109810572,-2.2390619908575817,None,0.25
2026-10-07T00:00:13,arm_right_shoulder_pitch_joint,0.25,-0.21381457727574169,-2.2148030888179773,None,0.25
2026-10-07T00:00:13,arm_right_shoulder_pitch_joint,0.25,-0.21819941479643842,-2.192418760348368,None,0.25
2026-10-07T00:00:13,arm_right_shoulder_pitch_joint,0.25,-0.2225401903578292,-2.1703877806953944,None,0.25
2026-10-07T00:00:13,arm_right_shoulder_pitch_joint,0.25,-0.22683916703207924,-2.1494883371250135,None,0.25
2026-10-07T00:00:13,arm_right_shoulder_pitch_joint,0.25,-0.23109893166797088,-2.1298823179458184,None,0.25
2026-10-07T00:00:13,arm_right_shoulder_pitch_joint,0.25,-0.23532030331844986,-2.110685825239483,None,0.25
2026-10-07T00:00:13,arm_right_shoulder_pitch_joint,0.25,-0.23950298490071606,-2.0913407911331046,None,0.25
2026-10-07T00:00:13,arm_right_shoulder_pitch_joint,0.25,-0.24364605509044335,-2.0715350948636426,None,0.25
2026-10-07T00:00:13,arm_right_shoulder_pitch_joint,0.25,-0.247748336515224,-2.051140712390315,None,0.25
2026-10-07T00:00:13,arm_right_shoulder_pitch_joint,0.25,-0.25180864837288786,-2.0301559288319244,None,0.25
2026-10-07T00:00:13,arm_right_shoulder_pitch_joint,0.25,-0.25582596558830933,-2.0086586077107453,None,0.25
2026-10-07T00:00:13,arm_right_shoulder_pitch_joint,0.25,-0.25979951895161485,-1.9867766816527688,None,0.25
2026-10-07T00:00:13,arm_right_shoulder_pitch_joint,0.25,-0.2637288003952663,-1.964640721825737,None,0.25
2026-10-07T00:00:13,arm_right_shoulder_pitch_joint,0.25,-0.2676131628545497,-1.9421812296417225,None,0.25
2026-10-07T00:00:13,arm_right_shoulder_pitch_joint,0.25,-0.2714520304794441,-1.9194338124472015,None,0.25
2026-10-07T00:00:13,arm_right_shoulder_pitch_joint,0.25,-0.2752448096285056,-1.89638957453076,None,0.25
2026-10-07T00:00:13,arm_right_shoulder_pitch_joint,0.25,-0.27899037530197035,-1.872782836732365,None,0.25
2026-10-07T00:00:13,arm_right_shoulder_pitch_joint,0.25,-0.2826881785351182,-1.8489016165739285,None,0.25
2026-10-07T00:00:13,arm_right_shoulder_pitch_joint,0.25,-0.28633821289048256,-1.8250171776821749,None,0.25
2026-10-07T00:00:13,arm_right_shoulder_pitch_joint,0.25,-0.28994093468000925,-1.8013608947633555,None,0.25
2026-10-07T00:00:13,arm_right_shoulder_pitch_joint,0.25,-0.29349227849787357,-1.7756719089321522,None,0.25
2026-10-07T00:00:13,arm_right_shoulder_pitch_joint,0.25,-0.2969929819226254,-1.750351712375911,None,0.25
2026-10-07T00:00:13,arm_right_shoulder_pitch_joint,0.25,-0.3004437975346277,-1.7254078060011513,None,0.25
2026-10-07T00:00:13,arm_right_shoulder_pitch_joint,0.25,-0.3038454775914618,-1.7008400284170555,None,0.25
2026-10-07T00:00:13,arm_right_shoulder_pitch_joint,0.25,-0.3071988519994893,-1.6766872040137673,None,0.25
2026-10-07T00:00:13,arm_right_shoulder_pitch_joint,0.25,-0.31050473250595917,-1.6529402532349293,None,0.25
2026-10-07T00:00:13,arm_right_shoulder_pitch_joint,0.25,-0.3137639143204188,-1.6295909072298034,None,0.25
2026-10-07T00:00:13,arm_right_shoulder_pitch_joint,0.25,-0.31698599441449854,-1.6110400470398762,None,0.25
2026-10-07T00:00:13,arm_right_shoulder_pitch_joint,0.25,-0.32017067756349726,-1.592341574499362,None,0.25
2026-10-07T00:00:13,arm_right_shoulder_pitch_joint,0.25,-0.3233178083849605,-1.5735654107316224,None,0.25
2026-10-07T00:00:13,arm_right_shoulder_pitch_joint,0.25,-0.32642734818105845,-1.5547698980489923,None,0.25
2026-10-07T00:00:13,arm_right_shoulder_pitch_joint,0.25,-0.32949935880703,-1.5360053129857751,None,0.25
2026-10-07T00:00:13,arm_right_shoulder_pitch_joint,0.25,-0.3328644363781573,-1.6825387855636436,None,0.25
2026-10-07T00:00:13,arm_right_shoulder_pitch_joint,0.25,-0.3365010076564663,-1.818285639154495,None,0.25
2026-10-07T00:00:13,arm_right_shoulder_pitch_joint,0.25,-0.3403892179635987,-1.9441051535662035,None,0.25
2026-10-07T00:00:13,arm_right_shoulder_pitch_joint,0.25,-0.3446130429222104,-2.1119124793058446,None,0.25
2026-10-07T00:00:13,arm_right_shoulder_pitch_joint,0.25,-0.3491476217714522,-2.267289424620886,None,0.25
2026-10-07T00:00:13,arm_right_shoulder_pitch_joint,0.25,-0.353964280690375,-2.4083294594613864,None,0.25
2026-10-07T00:00:13,arm_right_shoulder_pitch_joint,0.25,-0.3590385172962505,-2.5371183029377535,None,0.25
2026-10-07T00:00:13,arm_right_shoulder_pitch_joint,0.25,-0.3643474062939509,-2.654444498850187,None,0.25
2026-10-07T00:00:13,arm_right_shoulder_pitch_joint,0.25,-0.3698685196239715,-2.7605566650102826,None,0.25
2026-10-07T00:00:13,arm_right_shoulder_pitch_joint,0.25,-0.3755809791587194,-2.85622976737396,None,0.25
2026-10-07T00:00:13,arm_right_shoulder_pitch_joint,0.25,-0.381464822575431,-2.9419217083557982,None,0.25
2026-10-07T00:00:13,arm_right_shoulder_pitch_joint,0.25,-0.38750105170888943,-3.01811456672921,None,0.25
2026-10-07T00:00:13,arm_right_shoulder_pitch_joint,0.25,-0.39367179272339,-3.085370507250263,None,0.25
2026-10-07T00:00:13,arm_right_shoulder_pitch_joint,0.25,-0.3999603657481426,-3.1442865123763015,None,0.25
2026-10-07T00:00:13,arm_right_shoulder_pitch_joint,0.25,-0.4063514029746624,-3.1955186132598907,None,0.25
2026-10-07T00:00:13,arm_right_shoulder_pitch_joint,0.25,-0.4128307327267754,-3.2396648760564988,None,0.25
2026-10-07T00:00:13,arm_right_shoulder_pitch_joint,0.25,-0.41938529693226256,-3.2772821027435954,None,0.25
2026-10-07T00:00:13,arm_right_shoulder_pitch_joint,0.25,-0.42600317128732407,-3.308937177530755,None,0.25
2026-10-07T00:00:13,arm_right_shoulder_pitch_joint,0.25,-0.43267363815702903,-3.335233434852482,None,0.25
2026-10-07T00:00:13,arm_right_shoulder_pitch_joint,0.25,-0.43938717753328066,-3.356769688125826,None,0.25
2026-10-07T00:00:13,arm_right_shoulder_pitch_joint,0.25,-0.4461354246772962,-3.374123572007771,None,0.25
2026-10-07T00:00:13,arm_right_shoulder_pitch_joint,0.25,-0.4529108119526706,-3.387693637687171,None,0.25
2026-10-07T00:00:13,arm_right_shoulder_pitch_joint,0.25,-0.4597044903630636,-3.3968392051965104,None,0.25
2026-10-07T00:00:13,arm_right_shoulder_pitch_joint,0.25,-0.46650900327657124,-3.402256456753817,None,0.25
2026-10-07T00:00:13,arm_right_shoulder_pitch_joint,0.25,-0.47331818100178985,-3.4045888626092995,None,0.25
2026-10-07T00:00:13,arm_right_shoulder_pitch_joint,0.25,-0.48012690154157966,-3.404360269894911,None,0.25
2026-10-07T00:00:13,arm_right_shoulder_pitch_joint,0.25,-0.486931046336737,-3.402072397578682,None,0.25
2026-10-07T00:00:13,arm_right_shoulder_pitch_joint,0.25,-0.4937273266193127,-3.3981401412878425,None,0.25
2026-10-07T00:00:13,arm_right_shoulder_pitch_joint,0.25,-0.5005134203346774,-3.3930468576823256,None,0.25
2026-10-07T00:00:13,arm_right_shoulder_pitch_joint,0.25,-0.5072876903780978,-3.3871350217102223,None,0.25
2026-10-07T00:00:13,arm_right_shoulder_pitch_joint,0.25,-0.5140484780828769,-3.3803938523895423,None,0.25
2026-10-07T00:00:13,arm_right_shoulder_pitch_joint,0.25,-0.5207950975037502,-3.37330971043663,None,0.25
2026-10-07T00:00:13,arm_right_shoulder_pitch_joint,0.25,-0.5275246350834278,-3.3647687898388337,None,0.25
2026-10-07T00:00:13,arm_right_shoulder_pitch_joint,0.25,-0.5342374850448917,-3.356424980731913,None,0.25
2026-10-07T00:00:13,arm_right_shoulder_pitch_joint,0.25,-0.5409340453157822,-3.3482801354452594,None,0.25
2026-10-07T00:00:13,arm_right_shoulder_pitch_joint,0.25,-0.5476147136314021,-3.340334157809977,None,0.25
2026-10-07T00:00:13,arm_right_shoulder_pitch_joint,0.25,-0.5542798843489515,-3.3325853587746845,None,0.25
2026-10-07T00:00:13,arm_right_shoulder_pitch_joint,0.25,-0.5609299458640742,-3.325030757561378,None,0.25
2026-10-07T00:00:13,arm_right_shoulder_pitch_joint,0.25,-0.5675652785374072,-3.317666336666499,None,0.25
2026-10-07T00:00:13,arm_right_shoulder_pitch_joint,0.25,-0.5741972677936391,-3.3159946281159547,None,0.25
2026-10-07T00:00:13,arm_right_shoulder_pitch_joint,0.25,-0.5809720117549753,-3.3873719806680844,None,0.25
2026-10-07T00:00:13,arm_right_shoulder_pitch_joint,0.25,-0.5878635344088352,-3.44576132692999,None,0.25
2026-10-07T00:00:13,arm_right_shoulder_pitch_joint,0.25,-0.5948500924618233,-3.493279026494032,None,0.25
2026-10-07T00:00:13,arm_right_shoulder_pitch_joint,0.25,-0.6019134190284579,-3.531663283317258,None,0.25
2026-10-07T00:00:13,arm_right_shoulder_pitch_joint,0.25,-0.6090344168949875,-3.560498933264802,None,0.25
2026-10-07T00:00:13,arm_right_shoulder_pitch_joint,0.25,-0.6161845437698317,-3.575063437422115,None,0.25
2026-10-07T00:00:13,arm_right_shoulder_pitch_joint,0.25,-0.623352010174968,-3.583733202568152,None,0.25
2026-10-07T00:00:13,arm_right_shoulder_pitch_joint,0.25,-0.630527454960928,-3.5877223929800106,None,0.25
2026-10-07T00:00:13,arm_right_shoulder_pitch_joint,0.25,-0.6377159098017914,-3.5942274204317073,None,0.25
2026-10-07T00:00:13,arm_right_shoulder_pitch_joint,0.25,-0.6449335461137974,-3.608818156003021,None,0.25
2026-10-07T00:00:13,arm_right_shoulder_pitch_joint,0.25,-0.6521883759206705,-3.6274149034365646,None,0.25
2026-10-07T00:00:13,arm_right_shoulder_pitch_joint,0.25,-0.6594739478822866,-3.6427859808080587,None,0.25
2026-10-07T00:00:13,arm_right_shoulder_pitch_joint,0.25,-0.6667733836025177,-3.649717860115525,None,0.25
2026-10-07T00:00:13,arm_right_shoulder_pitch_joint,0.25,-0.6740633674469242,-3.6449919222032583,None,0.25
2026-10-07T00:00:13,arm_right_shoulder_pitch_joint,0.25,-0.6813296115599556,-3.633122056515709,None,0.25
2026-10-07T00:00:13,arm_right_shoulder_pitch_joint,0.25,-0.6885843486697723,-3.627368554908315,None,0.25
2026-10-07T00:00:13,arm_right_shoulder_pitch_joint,0.25,-0.6958399833282474,-3.6278173292375677,None,0.25
2026-10-07T00:00:13,arm_right_shoulder_pitch_joint,0.25,-0.7030883760923676,-3.6241963820601133,None,0.25
2026-10-07T00:00:13,arm_right_shoulder_pitch_joint,0.25,-0.7103271292363161,-3.6193765719742523,None,0.25
2026-10-07T00:00:13,arm_right_shoulder_pitch_joint,0.25,-0.7175609513259531,-3.6169110448184827,None,0.25
2026-10-07T00:00:13,arm_right_shoulder_pitch_joint,0.25,-0.7247846668154614,-3.611857744754146,None,0.25
2026-10-07T00:00:13,arm_right_shoulder_pitch_joint,0.25,-0.7319980456338193,-3.6066894091789443,None,0.25
2026-10-07T00:00:13,arm_right_shoulder_pitch_joint,0.25,-0.7392409676296346,-3.621460997907663,None,0.25
2026-10-07T00:00:13,arm_right_shoulder_pitch_joint,0.25,-0.7465109131782702,-3.6349727743178177,None,0.25
2026-10-07T00:00:13,arm_right_shoulder_pitch_joint,0.25,-0.7537925436143998,-3.6408152180648012,None,0.25
2026-10-07T00:00:13,arm_right_shoulder_pitch_joint,0.25,-0.7610572529701493,-3.6323546778747278,None,0.25
2026-10-07T00:00:13,arm_right_shoulder_pitch_joint,0.25,-0.7683051508408318,-3.6239489353413035,None,0.25
2026-10-07T00:00:13,arm_right_shoulder_pitch_joint,0.25,-0.7755726951664268,-3.6337721627974706,None,0.25
2026-10-07T00:00:13,arm_right_shoulder_pitch_joint,0.25,-0.7828678410600088,-3.6475729467910387,None,0.25
2026-10-07T00:00:13,arm_right_shoulder_pitch_joint,0.25,-0.7901750702156449,-3.6536145778180287,None,0.25
2026-10-07T00:00:13,arm_right_shoulder_pitch_joint,0.25,-0.79598775849269,-2.906344138522556,None,0.25
2026-10-07T00:00:13,arm_right_shoulder_pitch_joint,0.25,-0.8006112393520616,-2.311740429685794,None,0.25
2026-10-07T00:00:13,arm_right_shoulder_pitch_joint,0.25,-0.8042313678509377,-1.8100642494380836,None,0.25
2026-10-07T00:00:13,arm_right_shoulder_pitch_joint,0.25,-0.8070039708066241,-1.3863014778432148,None,0.25
2026-10-07T00:00:13,arm_right_shoulder_pitch_joint,0.25,-0.8090631611855895,-1.0295951894827162,None,0.25
2026-10-07T00:00:13,arm_right_shoulder_pitch_joint,0.25,-0.8105222915185408,-0.729565166475628,None,0.25
2026-10-07T00:00:13,arm_right_shoulder_pitch_joint,0.25,-0.8114768379454586,-0.47727321345887475,None,0.25
2026-10-07T00:00:13,arm_right_shoulder_pitch_joint,0.25,-0.8120109764993799,-0.2670692769606634,None,0.25
2026-10-07T00:00:13,arm_right_shoulder_pitch_joint,0.25,-0.8121984046008505,-0.09371405073528563,None,0.25
2026-10-07T00:00:13,arm_right_shoulder_pitch_joint,0.25,-0.8121035871970247,0.047408701912882045,None,0.25
2026-10-07T00:00:13,arm_right_shoulder_pitch_joint,0.25,-0.811783578492675,0.16000435217485875,None,0.25
2026-10-07T00:00:13,arm_right_shoulder_pitch_joint,0.25,-0.8107730225636698,0.505277964502619,None,0.25
2026-10-07T00:00:13,arm_right_shoulder_pitch_joint,0.25,-0.8091597227332842,0.8066499151927806,None,0.25
2026-10-07T00:00:13,arm_right_shoulder_pitch_joint,0.25,-0.807020533345151,1.0695946940665861,None,0.25
2026-10-07T00:00:13,arm_right_shoulder_pitch_joint,0.25,-0.8045582859081931,1.2311237184789647,None,0.25
2026-10-07T00:00:13,arm_right_shoulder_pitch_joint,0.25,-0.8001024924263879,2.2278967409026285,None,0.25
2026-10-07T00:00:13,arm_right_shoulder_pitch_joint,0.25,-0.7946620205835747,2.720235921406599,None,0.25
2026-10-07T00:00:13,arm_right_shoulder_pitch_joint,0.25,-0.7884605620597585,3.1007292619081483,None,0.25
2026-10-07T00:00:13,arm_right_shoulder_pitch_joint,0.25,-0.7822744697046279,3.0930461775652627,None,0.25
2026-10-07T00:00:13,arm_right_shoulder_pitch_joint,0.25,-0.7760697999794671,3.102334862580396,None,0.25
2026-10-07T00:00:13,arm_right_shoulder_pitch_joint,0.25,-0.7698652686234944,3.1022656779864044,None,0.25
2026-10-07T00:00:13,arm_right_shoulder_pitch_joint,0.25,-0.7636571395254955,3.1040645489994083,None,0.25
2026-10-07T00:00:13,arm_right_shoulder_pitch_joint,0.25,-0.7575418940163207,3.0576227545874466,None,0.25
2026-10-07T00:00:13,arm_right_shoulder_pitch_joint,0.25,-0.7515371601591397,3.002366928590447,None,0.25
2026-10-07T00:00:13,arm_right_shoulder_pitch_joint,0.25,-0.7456730121993183,2.93207397991074,None,0.25
2026-10-07T00:00:13,arm_right_shoulder_pitch_joint,0.25,-0.7399668447878992,2.8530837057095253,None,0.25
2026-10-07T00:00:13,arm_right_shoulder_pitch_joint,0.25,-0.7344364736195731,2.7651855841630395,None,0.25
2026-10-07T00:00:13,arm_right_shoulder_pitch_joint,0.25,-0.7290996468609255,2.668413379323757,None,0.25
2026-10-07T00:00:13,arm_right_shoulder_pitch_joint,0.25,-0.7239730513119991,2.5632977744632406,None,0.25
2026-10-07T00:00:13,arm_right_shoulder_pitch_joint,0.25,-0.7190725249432462,2.450263184376427,None,0.25
2026-10-07T00:00:13,arm_right_shoulder_pitch_joint,0.25,-0.7144137372413053,2.329393850970446,None,0.25
2026-10-07T00:00:13,arm_right_shoulder_pitch_joint,0.25,-0.7099807061466218,2.2165155473417393,None,0.25
2026-10-07T00:00:13,arm_right_shoulder_pitch_joint,0.25,-0.7056304906023896,2.1751077721161276,None,0.25
2026-10-07T00:00:13,arm_right_shoulder_pitch_joint,0.25,-0.7013458071860864,2.1423417081515703,None,0.25
2026-10-07T00:00:13,arm_right_shoulder_pitch_joint,0.25,-0.6971123261946434,2.116740495721552,None,0.25
2026-10-07T00:00:13,arm_right_shoulder_pitch_joint,0.25,-0.6929154451675952,2.098440513524069,None,0.25
2026-10-07T00:00:13,arm_right_shoulder_pitch_joint,0.25,-0.6887465447315076,2.0844502180437745,None,0.25
2026-10-07T00:00:13,arm_right_shoulder_pitch_joint,0.25,-0.6846039385733415,2.0713030790830897,None,0.25
2026-10-07T00:00:13,arm_right_shoulder_pitch_joint,0.25,-0.680486597279051,2.0586706471452367,None,0.25
2026-10-07T00:00:13,arm_right_shoulder_pitch_joint,0.25,-0.6763936170364687,2.046490121291171,None,0.25
2026-10-07T00:00:13,arm_right_shoulder_pitch_joint,0.25,-0.6723241979807123,2.0347095278781984,None,0.25
2026-10-07T00:00:13,arm_right_shoulder_pitch_joint,0.25,-0.6682776259304855,2.0232860251134404,None,0.25
2026-10-07T00:00:13,arm_right_shoulder_pitch_joint,0.25,-0.6642532570101144,2.0121844601855057,None,0.25
2026-10-07T00:00:13,arm_right_shoulder_pitch_joint,0.25,-0.6602505047257342,2.0013761421901166,None,0.25
2026-10-07T00:00:13,arm_right_shoulder_pitch_joint,0.25,-0.6590086973882519,0.6209036687411975,None,0.25
2026-10-07T00:00:13,arm_right_shoulder_pitch_joint,0.25,-0.6599996340410362,-0.4954683263921984,None,0.25
2026-10-07T00:00:13,arm_right_shoulder_pitch_joint,0.25,-0.6628036223422653,-1.401994150614553,None,0.25
2026-10-07T00:00:13,arm_right_shoulder_pitch_joint,0.25,-0.6671427671591238,-2.169572408429258,None,0.25
2026-10-07T00:00:13,arm_right_shoulder_pitch_joint,0.25,-0.6727398295036128,-2.798531172244491,None,0.25
2026-10-07T00:00:13,arm_right_shoulder_pitch_joint,0.25,-0.6793676954409221,-3.313932968654669,None,0.25
2026-10-07T00:00:13,arm_right_shoulder_pitch_joint,0.25,-0.6868544483141032,-3.743376436590555,None,0.25
2026-10-07T00:00:13,arm_right_shoulder_pitch_joint,0.25,-0.6950693140180679,-4.107432851982338,None,0.25
2026-10-07T00:00:13,arm_right_shoulder_pitch_joint,0.25,-0.7038875390230167,-4.409112502474372,None,0.25
2026-10-07T00:00:13,arm_right_shoulder_pitch_joint,0.25,-0.7132024203672898,-4.657440672136536,None,0.25
2026-10-07T00:00:13,arm_right_shoulder_pitch_joint,0.25,-0.7229248116515812,-4.861195642145686,None,0.25
2026-10-07T00:00:13,arm_right_shoulder_pitch_joint,0.25,-0.7329805536340492,-5.027870991234014,None,0.25
2026-10-07T00:00:13,arm_right_shoulder_pitch_joint,0.25,-0.74330802369832,-5.163735032135424,None,0.25
2026-10-07T00:00:13,arm_right_shoulder_pitch_joint,0.25,-0.7538561100679556,-5.2740431848178,None,0.25
2026-10-07T00:00:13,arm_right_shoulder_pitch_joint,0.25,-0.7645824277876012,-5.3631588598228195,None,0.25
2026-10-07T00:00:13,arm_right_shoulder_pitch_joint,0.25,-0.7754520171980148,-5.434794705206812,None,0.25
2026-10-07T00:00:13,arm_right_shoulder_pitch_joint,0.25,-0.7861543209872078,-5.35115189459649,None,0.25
2026-10-07T00:00:13,arm_right_shoulder_pitch_joint,0.25,-0.7947708059489558,-4.308242480873949,None,0.25
2026-10-07T00:00:13,arm_right_shoulder_pitch_joint,0.25,-0.8016072538221394,-3.4182239365917995,None,0.25
2026-10-07T00:00:13,arm_right_shoulder_pitch_joint,0.25,-0.8069474312660463,-2.6700887219534337,None,0.25
2026-10-07T00:00:13,arm_right_shoulder_pitch_joint,0.25,-0.8110324561141232,-2.0425124240384673,None,0.25
2026-10-07T00:00:13,arm_right_shoulder_pitch_joint,0.25,-0.8140683883422111,-1.51796611404395,None,0.25
2026-10-07T00:00:13,arm_right_shoulder_pitch_joint,0.25,-0.8162311762579085,-1.0813939578487282,None,0.25
2026-10-07T00:00:13,arm_right_shoulder_pitch_joint,0.25,-0.8176708320045738,-0.7198278733326329,None,0.25
2026-10-07T00:00:13,arm_right_shoulder_pitch_joint,0.25,-0.8185150450110071,-0.4221065032166609,None,0.25
2026-10-07T00:00:13,arm_right_shoulder_pitch_joint,0.25,-0.8188723112605781,-0.17863312478549234,None,0.25
2026-10-07T00:00:13,arm_right_shoulder_pitch_joint,0.25,-0.8188346581020587,0.018826579259720755,None,0.25
2026-10-07T00:00:13,arm_right_shoulder_pitch_joint,0.25,-0.8184799951096243,0.17733149621720407,None,0.25
2026-10-07T00:00:13,arm_right_shoulder_pitch_joint,0.25,-0.8178740677052894,0.3029637021674643,None,0.25
2026-10-07T00:00:13,arm_right_shoulder_pitch_joint,0.25,-0.8170721959835286,0.400935860880358,None,0.25
2026-10-07T00:00:13,arm_right_shoulder_pitch_joint,0.25,-0.8161207087664373,0.4757436085456767,None,0.25
2026-10-07T00:00:13,arm_right_shoulder_pitch_joint,0.25,-0.8150582263861922,0.5312411901225697,None,0.25
2026-10-07T00:00:13,arm_right_shoulder_pitch_joint,0.25,-0.8139169079841387,0.5706592010267493,None,0.25
2026-10-07T00:00:13,arm_right_shoulder_pitch_joint,0.25,-0.812723554640384,0.5966766718773255,None,0.25
2026-10-07T00:00:13,arm_right_shoulder_pitch_joint,0.25,-0.8115002566482455,0.6116489960692743,None,0.25
2026-10-07T00:00:13,arm_right_shoulder_pitch_joint,0.25,-0.8102647953820338,0.6177306331059026,None,0.25
2026-10-07T00:00:13,arm_right_shoulder_pitch_joint,0.25,-0.8090315510534418,0.6166221642959752,None,0.25
2026-10-07T00:00:13,arm_right_shoulder_pitch_joint,0.25,-0.8078122652113908,0.6096429210255248,None,0.25
2026-10-07T00:00:13,arm_right_shoulder_pitch_joint,0.25,-0.8078122652113908,0.6096429210255248,None,0.25
